Die häufigsten Seiten,Klicks,Impressionen,CTR,Position
https://www.mahlzait.de/,3,149,2.01%,3.21
https://www.mahlzait.de/doener-kalorien-rechner/,1,291,0.34%,1.49
https://www.mahlzait.de/impressum/,1,9,11.11%,4
https://www.mahlzait.de/wissen/,0,77,0%,8.99
https://www.mahlzait.de/protein-bedarf-rechner/,0,59,0%,4.22
https://www.mahlzait.de/abnehmen/,0,22,0%,5.23
https://www.mahlzait.de/makros-berechnen/,0,18,0%,6.17
https://www.mahlzait.de/wissen/ballaststoffe-saettigung-quick-fact,0,15,0%,7.87
https://www.mahlzait.de/kalorien/broetchen/,0,15,0%,13.33
https://mahlzait.de/impressum/,0,13,0%,4.31
https://mahlzait.de/datenschutz/,0,12,0%,3.08
https://www.mahlzait.de/wissen/fruehstueck-wichtigste-mahlzeit-mythos-meta-analyse/,0,12,0%,4
https://mahlzait.de/agb,0,12,0%,4.33
https://mahlzait.de/cookies-policy/,0,12,0%,9.42
https://www.mahlzait.de/datenschutz/,0,11,0%,4.55
https://mahlzait.de/widerrufsbelehrung/,0,11,0%,5.45
https://www.mahlzait.de/wissen/abnehmspritze-ozempic-wegovy-wirkung/,0,11,0%,12.45
https://mahlzait.de/nutzungsbedingungen/,0,10,0%,2
https://www.mahlzait.de/nutzungsbedingungen/,0,7,0%,5.86
https://www.mahlzait.de/kaloriendefizit-berechnen,0,7,0%,17.43
https://mahlzait.de/agb/,0,6,0%,6
https://www.mahlzait.de/kalorien/zucchini/,0,6,0%,60.5
https://www.mahlzait.de/wissen/protein-ballaststoffe-training-gewichtsmanagement-review,0,5,0%,9.2
https://mahlzait.de/datenschutz,0,4,0%,2
https://www.mahlzait.de/app,0,4,0%,5.75
https://www.mahlzait.de/kalorien/cornflakes/,0,3,0%,2.67
https://www.mahlzait.de/kalorien/pide/,0,3,0%,7.33
https://www.mahlzait.de/kalorien/kartoffelsalat/,0,3,0%,30.67
https://www.mahlzait.de/kalorien/hefekloesse/,0,2,0%,4.5
https://www.mahlzait.de/kalorien/kaesespaetzle/,0,2,0%,5
https://www.mahlzait.de/wissen/jojo-effekt-diaet-wieder-zunehmen,0,2,0%,5.5
https://www.mahlzait.de/cookies-policy/,0,2,0%,8
https://www.mahlzait.de/kalorien/spinat/,0,2,0%,52.5
https://www.mahlzait.de/kalorien/apfelstrudel/,0,1,0%,1
https://www.mahlzait.de/kalorien/champignons/,0,1,0%,4
https://www.mahlzait.de/widerrufsbelehrung/,0,1,0%,4
https://www.mahlzait.de/cookies-policy,0,1,0%,6