Häufigste Suchanfragen,Klicks,Impressionen,CTR,Position
abnehmplan kostenlos,0,14,0%,1.07
kalorienrechner kostenlos,0,11,0%,1
abnehmprogramm kostenlos,0,7,0%,1
hähnchen döner ohne soße kalorien,0,7,0%,1
wie viel kalorien hat ein hähnchen döner ohne soße,0,7,0%,1
cig köfte dürüm kalorien,0,6,0%,1
kalorien dönerpizza 28 cm,0,6,0%,1
kostenloser abnehmplan,0,6,0%,1
cigköfte dürüm kalorien,0,5,0%,1
dürüm kalorien hähnchen,0,5,0%,1
dürüm mit hähnchen kalorien,0,5,0%,1
abnehmen programm kostenlos,0,4,0%,1
dürüm hähnchen kalorien,0,4,0%,1
dürüm kcal,0,4,0%,1
hähnchen dürüm kalorien,0,4,0%,1
wie viel kalorien hat ein cigköfte dürüm,0,4,0%,1
kostenloser diätplan zum abnehmen,0,4,0%,1.75
kostenloser kalorienrechner,0,4,0%,1.75
kalorien hähnchen döner ohne soße,0,3,0%,1
kostenloser diätplan,0,3,0%,1
kostenloses abnehmprogramm,0,3,0%,1
wie viel kalorien hat ein dürüm mit hähnchenfleisch,0,3,0%,1
diät plan kostenlos,0,2,0%,1
diätplan kostenlos,0,2,0%,1
döner tasche kalorien,0,2,0%,1
dönerteller kalorien,0,2,0%,1
dürüm mit hähnchenfleisch kalorien,0,2,0%,1
hähnchen döner kalorien ohne soße,0,2,0%,1
hähnchen döner ohne sauce kalorien,0,2,0%,1
kalorien dönertasche,0,2,0%,1
kalorien dürüm mit hähnchen,0,2,0%,1
kcal dürüm,0,2,0%,1
plan zum abnehmen kostenlos,0,2,0%,1
wie oft döner essen,0,2,0%,1
türkische pizza mit hähnchen kalorien,0,2,0%,1.5
ballaststoffe sättigung gewicht abnehmen,0,2,0%,11
wie lange dauert es bis der magen kleiner wird,0,2,0%,65.5
kohlenhydrate zucchini,0,2,0%,83
abnehmen durch stoffwechselaktivierung,0,2,0%,87.5
1 yufka kalorien,0,1,0%,1
abnehmen mit ki kostenlos,0,1,0%,1
abnehmen plan kostenlos,0,1,0%,1
chicken döner ohne soße kalorien,0,1,0%,1
chicken dürüm kalorien,0,1,0%,1
cookies,0,1,0%,1
diet in paradise,0,1,0%,1
diätpläne kostenlos,0,1,0%,1
döner oder dürüm gesünder,0,1,0%,1
dönertasche kalorien,0,1,0%,1
dönerteller kalorien nährwerte,0,1,0%,1
dönerteller mit pommes und salat kalorien,0,1,0%,1
gym macros,0,1,0%,1
hähnchen dürüm nährwerte,0,1,0%,1
kalorien berechnen formel,0,1,0%,1
kalorien dürüm hähnchen,0,1,0%,1
kalorien hähnchen dürüm ohne soße,0,1,0%,1
kalorien yufka döner,0,1,0%,1
kaloriendefizit trotzdem keine abnahme,0,1,0%,1
kaloriendefizit wie viel,0,1,0%,1
kalorienrechner gratis,0,1,0%,1
kcal dönerbrot,0,1,0%,1
kcal dürüm hähnchen,0,1,0%,1
kcal rechner kostenlos,0,1,0%,1
kebab fladenbrot kalorien,0,1,0%,1
kebap kalorien,0,1,0%,1
portion frischkäse kalorien,0,1,0%,1
proteine döner,0,1,0%,1
welche fasten app ist die beste,0,1,0%,1
wie viel gramm fleisch ist in einem döner,0,1,0%,1
wie viel kalorien hat ein dürüm ohne soße,0,1,0%,1
wie viel kalorien hat ein hähnchen dürüm,0,1,0%,1
wie viele kalorien hat ein dürüm mit allem,0,1,0%,1
wieviel kalorien hat ein apfelstrudel,0,1,0%,1
wieviel kalorien hat ein dürüm mit hähnchen,0,1,0%,1
wieviel kalorien hat ein hähnchen dürüm,0,1,0%,1
wieviele kalorien hat ein döner,0,1,0%,1
hähnchen döner kalorien,0,1,0%,2
ciköfte kalorien,0,1,0%,3
döner hähnchen kalorien,0,1,0%,3
giköfte,0,1,0%,3
hähnchen döner mit soße kalorien,0,1,0%,3
mahlzait,0,1,0%,9
interpretation,0,1,0%,10
welche app ist das,0,1,0%,15
ist metaflow gut,0,1,0%,22
was bedeuten die werte,0,1,0%,26
wieviel kalorien hat kartoffelsalat,0,1,0%,31
kaloriendefizit berechnen,0,1,0%,35
helles brötchen kalorien,0,1,0%,45
kartoffelsalat kalorien,0,1,0%,54
kalorien dürüm kalb,0,1,0%,55
brötchen kcal,0,1,0%,85
stoffwechseltypen mythos,0,1,0%,86
zucchetti nährwerte,0,1,0%,86
zucchini kohlenhydrate,0,1,0%,94
spinat nährwerte,0,1,0%,97
wegovy diätplan,0,1,0%,97
wann wirkt ozempic,0,1,0%,99